Upper middle income, Eastern Europe and Central Asia, ALB, Food_exp
Upper middle income, Eastern Europe and Central Asia, ALB, Alcohol and Tobacco_exp
Upper middle income, Eastern Europe and Central Asia, ALB, Wearables_exp
Upper middle income, Eastern Europe and Central Asia, ALB, Other Housing_exp
Upper middle income, Eastern Europe and Central Asia, ALB, Heating and Electricity_exp
Upper middle income, Eastern Europe and Central Asia, ALB, Household Appliances and Services_exp
Upper middle income, Eastern Europe and Central Asia, ALB, Health_exp
Upper middle income, Eastern Europe and Central Asia, ALB, Vehicle Purchase_exp
Upper middle income, Eastern Europe and Central Asia, ALB, Vehicle Fuel and Maintenance_exp
Upper middle income, Eastern Europe and Central Asia, ALB, Other Transport_exp
Upper middle income, Eastern Europe and Central Asia, ALB, Communication_exp
Upper middle income, Eastern Europe and Central Asia, ALB, Recreational_exp
Upper middle income, Eastern Europe and Central Asia, ALB, Package Holiday_exp
Upper middle income, Eastern Europe and Central Asia, ALB, Education_Finance_Luxury_exp
Upper middle income, Eastern Europe and Central Asia, ARM, Food_exp
Upper middle income, Eastern Europe and Central Asia, ARM, Alcohol and Tobacco_exp
Upper middle income, Eastern Europe and Central Asia, ARM, Wearables_exp
Upper middle income, Eastern Europe and Central Asia, ARM, Other Housing_exp
Upper middle income, Eastern Europe and Central Asia, ARM, Heating and Electricity_exp
Upper middle income, Eastern Europe and Central Asia, ARM, Household Appliances and Services_exp
Upper middle income, Eastern Europe and Central Asia, ARM, Health_exp
Upper middle income, Eastern Europe and Central Asia, ARM, Vehicle Purchase_exp
Upper middle income, Eastern Europe and Central Asia, ARM, Vehicle Fuel and Maintenance_exp
Upper middle income, Eastern Europe and Central Asia, ARM, Other Transport_exp
Upper middle income, Eastern Europe and Central Asia, ARM, Communication_exp
Upper middle income, Eastern Europe and Central Asia, ARM, Recreational_exp
Upper middle income, Eastern Europe and Central Asia, ARM, Package Holiday_exp
Upper middle income, Eastern Europe and Central Asia, ARM, Education_Finance_Luxury_exp
Upper middle income, Eastern Europe and Central Asia, AZE, Food_exp
Upper middle income, Eastern Europe and Central Asia, AZE, Alcohol and Tobacco_exp
Upper middle income, Eastern Europe and Central Asia, AZE, Wearables_exp
Upper middle income, Eastern Europe and Central Asia, AZE, Other Housing_exp
Upper middle income, Eastern Europe and Central Asia, AZE, Heating and Electricity_exp
Upper middle income, Eastern Europe and Central Asia, AZE, Household Appliances and Services_exp
Upper middle income, Eastern Europe and Central Asia, AZE, Health_exp
Upper middle income, Eastern Europe and Central Asia, AZE, Vehicle Purchase_exp
Upper middle income, Eastern Europe and Central Asia, AZE, Vehicle Fuel and Maintenance_exp
Upper middle income, Eastern Europe and Central Asia, AZE, Other Transport_exp
Upper middle income, Eastern Europe and Central Asia, AZE, Communication_exp
Upper middle income, Eastern Europe and Central Asia, AZE, Recreational_exp
Upper middle income, Eastern Europe and Central Asia, AZE, Package Holiday_exp
Upper middle income, Eastern Europe and Central Asia, AZE, Education_Finance_Luxury_exp
Lower middle income, South Asia, BGD, Food_exp
Lower middle income, South Asia, BGD, Alcohol and Tobacco_exp
Lower middle income, South Asia, BGD, Wearables_exp
Lower middle income, South Asia, BGD, Other Housing_exp
Lower middle income, South Asia, BGD, Heating and Electricity_exp
Lower middle income, South Asia, BGD, Household Appliances and Services_exp
Lower middle income, South Asia, BGD, Health_exp
Lower middle income, South Asia, BGD, Vehicle Purchase_exp
Lower middle income, South Asia, BGD, Vehicle Fuel and Maintenance_exp
Lower middle income, South Asia, BGD, Other Transport_exp
Lower middle income, South Asia, BGD, Communication_exp
Lower middle income, South Asia, BGD, Recreational_exp
Lower middle income, South Asia, BGD, Package Holiday_exp
Lower middle income, South Asia, BGD, Education_Finance_Luxury_exp
Upper middle income, Eastern Europe and Central Asia, BLR, Food_exp
Upper middle income, Eastern Europe and Central Asia, BLR, Alcohol and Tobacco_exp
Upper middle income, Eastern Europe and Central Asia, BLR, Wearables_exp
Upper middle income, Eastern Europe and Central Asia, BLR, Other Housing_exp
Upper middle income, Eastern Europe and Central Asia, BLR, Heating and Electricity_exp
Upper middle income, Eastern Europe and Central Asia, BLR, Household Appliances and Services_exp
Upper middle income, Eastern Europe and Central Asia, BLR, Health_exp
Upper middle income, Eastern Europe and Central Asia, BLR, Vehicle Purchase_exp
Upper middle income, Eastern Europe and Central Asia, BLR, Vehicle Fuel and Maintenance_exp
Upper middle income, Eastern Europe and Central Asia, BLR, Other Transport_exp
Upper middle income, Eastern Europe and Central Asia, BLR, Communication_exp
Upper middle income, Eastern Europe and Central Asia, BLR, Recreational_exp
Upper middle income, Eastern Europe and Central Asia, BLR, Package Holiday_exp
Upper middle income, Eastern Europe and Central Asia, BLR, Education_Finance_Luxury_exp
Low income, Sub-Saharan Africa, BEN, Food_exp
Low income, Sub-Saharan Africa, BEN, Alcohol and Tobacco_exp
Low income, Sub-Saharan Africa, BEN, Wearables_exp
Low income, Sub-Saharan Africa, BEN, Other Housing_exp
Low income, Sub-Saharan Africa, BEN, Heating and Electricity_exp
Low income, Sub-Saharan Africa, BEN, Household Appliances and Services_exp
Low income, Sub-Saharan Africa, BEN, Health_exp
Low income, Sub-Saharan Africa, BEN, Vehicle Purchase_exp
Low income, Sub-Saharan Africa, BEN, Vehicle Fuel and Maintenance_exp
Low income, Sub-Saharan Africa, BEN, Other Transport_exp
Low income, Sub-Saharan Africa, BEN, Communication_exp
Low income, Sub-Saharan Africa, BEN, Recreational_exp
Low income, Sub-Saharan Africa, BEN, Package Holiday_exp
Low income, Sub-Saharan Africa, BEN, Education_Finance_Luxury_exp
Lower middle income, Latin America and Caribbean, BOL, Food_exp
Lower middle income, Latin America and Caribbean, BOL, Alcohol and Tobacco_exp
Lower middle income, Latin America and Caribbean, BOL, Wearables_exp
Lower middle income, Latin America and Caribbean, BOL, Other Housing_exp
Lower middle income, Latin America and Caribbean, BOL, Heating and Electricity_exp
Lower middle income, Latin America and Caribbean, BOL, Household Appliances and Services_exp
Lower middle income, Latin America and Caribbean, BOL, Health_exp
Lower middle income, Latin America and Caribbean, BOL, Vehicle Purchase_exp
Lower middle income, Latin America and Caribbean, BOL, Vehicle Fuel and Maintenance_exp
Lower middle income, Latin America and Caribbean, BOL, Other Transport_exp
Lower middle income, Latin America and Caribbean, BOL, Communication_exp
Lower middle income, Latin America and Caribbean, BOL, Recreational_exp
Lower middle income, Latin America and Caribbean, BOL, Package Holiday_exp
Lower middle income, Latin America and Caribbean, BOL, Education_Finance_Luxury_exp
Upper middle income, BRIC, BRA, Food_exp
Upper middle income, BRIC, BRA, Alcohol and Tobacco_exp
Upper middle income, BRIC, BRA, Wearables_exp
Upper middle income, BRIC, BRA, Other Housing_exp
Upper middle income, BRIC, BRA, Heating and Electricity_exp
Upper middle income, BRIC, BRA, Household Appliances and Services_exp
Upper middle income, BRIC, BRA, Health_exp
Upper middle income, BRIC, BRA, Vehicle Purchase_exp
Upper middle income, BRIC, BRA, Vehicle Fuel and Maintenance_exp
Upper middle income, BRIC, BRA, Other Transport_exp
Upper middle income, BRIC, BRA, Communication_exp
Upper middle income, BRIC, BRA, Recreational_exp
Upper middle income, BRIC, BRA, Package Holiday_exp
Upper middle income, BRIC, BRA, Education_Finance_Luxury_exp
Low income, Sub-Saharan Africa, BFA, Food_exp
Low income, Sub-Saharan Africa, BFA, Alcohol and Tobacco_exp
Low income, Sub-Saharan Africa, BFA, Wearables_exp
Low income, Sub-Saharan Africa, BFA, Other Housing_exp
Low income, Sub-Saharan Africa, BFA, Heating and Electricity_exp
Low income, Sub-Saharan Africa, BFA, Household Appliances and Services_exp
Low income, Sub-Saharan Africa, BFA, Health_exp
Low income, Sub-Saharan Africa, BFA, Vehicle Purchase_exp
Low income, Sub-Saharan Africa, BFA, Vehicle Fuel and Maintenance_exp
Low income, Sub-Saharan Africa, BFA, Other Transport_exp
Low income, Sub-Saharan Africa, BFA, Communication_exp
Low income, Sub-Saharan Africa, BFA, Recreational_exp
Low income, Sub-Saharan Africa, BFA, Package Holiday_exp
Low income, Sub-Saharan Africa, BFA, Education_Finance_Luxury_exp
Lower middle income, East Asia and Pacific, KHM, Food_exp
Lower middle income, East Asia and Pacific, KHM, Alcohol and Tobacco_exp
Lower middle income, East Asia and Pacific, KHM, Wearables_exp
Lower middle income, East Asia and Pacific, KHM, Other Housing_exp
Lower middle income, East Asia and Pacific, KHM, Heating and Electricity_exp
Lower middle income, East Asia and Pacific, KHM, Household Appliances and Services_exp
Lower middle income, East Asia and Pacific, KHM, Health_exp
Lower middle income, East Asia and Pacific, KHM, Vehicle Purchase_exp
Lower middle income, East Asia and Pacific, KHM, Vehicle Fuel and Maintenance_exp
Lower middle income, East Asia and Pacific, KHM, Other Transport_exp
Lower middle income, East Asia and Pacific, KHM, Communication_exp
Lower middle income, East Asia and Pacific, KHM, Recreational_exp
Lower middle income, East Asia and Pacific, KHM, Package Holiday_exp
Lower middle income, East Asia and Pacific, KHM, Education_Finance_Luxury_exp
Lower middle income, Sub-Saharan Africa, CMR, Food_exp
Lower middle income, Sub-Saharan Africa, CMR, Alcohol and Tobacco_exp
Lower middle income, Sub-Saharan Africa, CMR, Wearables_exp
Lower middle income, Sub-Saharan Africa, CMR, Other Housing_exp
Lower middle income, Sub-Saharan Africa, CMR, Heating and Electricity_exp
Lower middle income, Sub-Saharan Africa, CMR, Household Appliances and Services_exp
Lower middle income, Sub-Saharan Africa, CMR, Health_exp
Lower middle income, Sub-Saharan Africa, CMR, Vehicle Purchase_exp
Lower middle income, Sub-Saharan Africa, CMR, Vehicle Fuel and Maintenance_exp
Lower middle income, Sub-Saharan Africa, CMR, Other Transport_exp
Lower middle income, Sub-Saharan Africa, CMR, Communication_exp
Lower middle income, Sub-Saharan Africa, CMR, Recreational_exp
Lower middle income, Sub-Saharan Africa, CMR, Package Holiday_exp
Lower middle income, Sub-Saharan Africa, CMR, Education_Finance_Luxury_exp
Upper middle income, BRIC, CHN, Food_exp
Upper middle income, BRIC, CHN, Alcohol and Tobacco_exp
Upper middle income, BRIC, CHN, Wearables_exp
Upper middle income, BRIC, CHN, Other Housing_exp
Upper middle income, BRIC, CHN, Heating and Electricity_exp
Upper middle income, BRIC, CHN, Household Appliances and Services_exp
Upper middle income, BRIC, CHN, Health_exp
Upper middle income, BRIC, CHN, Vehicle Purchase_exp
Upper middle income, BRIC, CHN, Vehicle Fuel and Maintenance_exp
Upper middle income, BRIC, CHN, Other Transport_exp
Upper middle income, BRIC, CHN, Communication_exp
Upper middle income, BRIC, CHN, Recreational_exp
Upper middle income, BRIC, CHN, Package Holiday_exp
Upper middle income, BRIC, CHN, Education_Finance_Luxury_exp
Upper middle income, Latin America and Caribbean, COL, Food_exp
Upper middle income, Latin America and Caribbean, COL, Alcohol and Tobacco_exp
Upper middle income, Latin America and Caribbean, COL, Wearables_exp
Upper middle income, Latin America and Caribbean, COL, Other Housing_exp
Upper middle income, Latin America and Caribbean, COL, Heating and Electricity_exp
Upper middle income, Latin America and Caribbean, COL, Household Appliances and Services_exp
Upper middle income, Latin America and Caribbean, COL, Health_exp
Upper middle income, Latin America and Caribbean, COL, Vehicle Purchase_exp
Upper middle income, Latin America and Caribbean, COL, Vehicle Fuel and Maintenance_exp
Upper middle income, Latin America and Caribbean, COL, Other Transport_exp
Upper middle income, Latin America and Caribbean, COL, Communication_exp
Upper middle income, Latin America and Caribbean, COL, Recreational_exp
Upper middle income, Latin America and Caribbean, COL, Package Holiday_exp
Upper middle income, Latin America and Caribbean, COL, Education_Finance_Luxury_exp
Lower middle income, Sub-Saharan Africa, CIV, Food_exp
Lower middle income, Sub-Saharan Africa, CIV, Alcohol and Tobacco_exp
Lower middle income, Sub-Saharan Africa, CIV, Wearables_exp
Lower middle income, Sub-Saharan Africa, CIV, Other Housing_exp
Lower middle income, Sub-Saharan Africa, CIV, Heating and Electricity_exp
Lower middle income, Sub-Saharan Africa, CIV, Household Appliances and Services_exp
Lower middle income, Sub-Saharan Africa, CIV, Health_exp
Lower middle income, Sub-Saharan Africa, CIV, Vehicle Purchase_exp
Lower middle income, Sub-Saharan Africa, CIV, Vehicle Fuel and Maintenance_exp
Lower middle income, Sub-Saharan Africa, CIV, Other Transport_exp
Lower middle income, Sub-Saharan Africa, CIV, Communication_exp
Lower middle income, Sub-Saharan Africa, CIV, Recreational_exp
Lower middle income, Sub-Saharan Africa, CIV, Package Holiday_exp
Lower middle income, Sub-Saharan Africa, CIV, Education_Finance_Luxury_exp
Lower middle income, Middle East and North Africa, EGY, Food_exp
Lower middle income, Middle East and North Africa, EGY, Alcohol and Tobacco_exp
Lower middle income, Middle East and North Africa, EGY, Wearables_exp
Lower middle income, Middle East and North Africa, EGY, Other Housing_exp
Lower middle income, Middle East and North Africa, EGY, Heating and Electricity_exp
Lower middle income, Middle East and North Africa, EGY, Household Appliances and Services_exp
Lower middle income, Middle East and North Africa, EGY, Health_exp
Lower middle income, Middle East and North Africa, EGY, Vehicle Purchase_exp
Lower middle income, Middle East and North Africa, EGY, Vehicle Fuel and Maintenance_exp
Lower middle income, Middle East and North Africa, EGY, Other Transport_exp
Lower middle income, Middle East and North Africa, EGY, Communication_exp
Lower middle income, Middle East and North Africa, EGY, Recreational_exp
Lower middle income, Middle East and North Africa, EGY, Package Holiday_exp
Lower middle income, Middle East and North Africa, EGY, Education_Finance_Luxury_exp
Lower middle income, Latin America and Caribbean, SLV, Food_exp
Lower middle income, Latin America and Caribbean, SLV, Alcohol and Tobacco_exp
Lower middle income, Latin America and Caribbean, SLV, Wearables_exp
Lower middle income, Latin America and Caribbean, SLV, Other Housing_exp
Lower middle income, Latin America and Caribbean, SLV, Heating and Electricity_exp
Lower middle income, Latin America and Caribbean, SLV, Household Appliances and Services_exp
Lower middle income, Latin America and Caribbean, SLV, Health_exp
Lower middle income, Latin America and Caribbean, SLV, Vehicle Purchase_exp
Lower middle income, Latin America and Caribbean, SLV, Vehicle Fuel and Maintenance_exp
Lower middle income, Latin America and Caribbean, SLV, Other Transport_exp
Lower middle income, Latin America and Caribbean, SLV, Communication_exp
Lower middle income, Latin America and Caribbean, SLV, Recreational_exp
Lower middle income, Latin America and Caribbean, SLV, Package Holiday_exp
Lower middle income, Latin America and Caribbean, SLV, Education_Finance_Luxury_exp
Low income, Sub-Saharan Africa, ETH, Food_exp
Low income, Sub-Saharan Africa, ETH, Alcohol and Tobacco_exp
Low income, Sub-Saharan Africa, ETH, Wearables_exp
Low income, Sub-Saharan Africa, ETH, Other Housing_exp
Low income, Sub-Saharan Africa, ETH, Heating and Electricity_exp
Low income, Sub-Saharan Africa, ETH, Household Appliances and Services_exp
Low income, Sub-Saharan Africa, ETH, Health_exp
Low income, Sub-Saharan Africa, ETH, Vehicle Purchase_exp
Low income, Sub-Saharan Africa, ETH, Vehicle Fuel and Maintenance_exp
Low income, Sub-Saharan Africa, ETH, Other Transport_exp
Low income, Sub-Saharan Africa, ETH, Communication_exp
Low income, Sub-Saharan Africa, ETH, Recreational_exp
Low income, Sub-Saharan Africa, ETH, Package Holiday_exp
Low income, Sub-Saharan Africa, ETH, Education_Finance_Luxury_exp
Lower middle income, Sub-Saharan Africa, GHA, Food_exp
Lower middle income, Sub-Saharan Africa, GHA, Alcohol and Tobacco_exp
Lower middle income, Sub-Saharan Africa, GHA, Wearables_exp
Lower middle income, Sub-Saharan Africa, GHA, Other Housing_exp
Lower middle income, Sub-Saharan Africa, GHA, Heating and Electricity_exp
Lower middle income, Sub-Saharan Africa, GHA, Household Appliances and Services_exp
Lower middle income, Sub-Saharan Africa, GHA, Health_exp
Lower middle income, Sub-Saharan Africa, GHA, Vehicle Purchase_exp
Lower middle income, Sub-Saharan Africa, GHA, Vehicle Fuel and Maintenance_exp
Lower middle income, Sub-Saharan Africa, GHA, Other Transport_exp
Lower middle income, Sub-Saharan Africa, GHA, Communication_exp
Lower middle income, Sub-Saharan Africa, GHA, Recreational_exp
Lower middle income, Sub-Saharan Africa, GHA, Package Holiday_exp
Lower middle income, Sub-Saharan Africa, GHA, Education_Finance_Luxury_exp
Upper middle income, Latin America and Caribbean, GTM, Food_exp
Upper middle income, Latin America and Caribbean, GTM, Alcohol and Tobacco_exp
Upper middle income, Latin America and Caribbean, GTM, Wearables_exp
Upper middle income, Latin America and Caribbean, GTM, Other Housing_exp
Upper middle income, Latin America and Caribbean, GTM, Heating and Electricity_exp
Upper middle income, Latin America and Caribbean, GTM, Household Appliances and Services_exp
Upper middle income, Latin America and Caribbean, GTM, Health_exp
Upper middle income, Latin America and Caribbean, GTM, Vehicle Purchase_exp
Upper middle income, Latin America and Caribbean, GTM, Vehicle Fuel and Maintenance_exp
Upper middle income, Latin America and Caribbean, GTM, Other Transport_exp
Upper middle income, Latin America and Caribbean, GTM, Communication_exp
Upper middle income, Latin America and Caribbean, GTM, Recreational_exp
Upper middle income, Latin America and Caribbean, GTM, Package Holiday_exp
Upper middle income, Latin America and Caribbean, GTM, Education_Finance_Luxury_exp
Low income, Sub-Saharan Africa, GIN, Food_exp
Low income, Sub-Saharan Africa, GIN, Alcohol and Tobacco_exp
Low income, Sub-Saharan Africa, GIN, Wearables_exp
Low income, Sub-Saharan Africa, GIN, Other Housing_exp
Low income, Sub-Saharan Africa, GIN, Heating and Electricity_exp
Low income, Sub-Saharan Africa, GIN, Household Appliances and Services_exp
Low income, Sub-Saharan Africa, GIN, Health_exp
Low income, Sub-Saharan Africa, GIN, Vehicle Purchase_exp
Low income, Sub-Saharan Africa, GIN, Vehicle Fuel and Maintenance_exp
Low income, Sub-Saharan Africa, GIN, Other Transport_exp
Low income, Sub-Saharan Africa, GIN, Communication_exp
Low income, Sub-Saharan Africa, GIN, Recreational_exp
Low income, Sub-Saharan Africa, GIN, Package Holiday_exp
Low income, Sub-Saharan Africa, GIN, Education_Finance_Luxury_exp
Lower middle income, Latin America and Caribbean, HND, Food_exp
Lower middle income, Latin America and Caribbean, HND, Alcohol and Tobacco_exp
Lower middle income, Latin America and Caribbean, HND, Wearables_exp
Lower middle income, Latin America and Caribbean, HND, Other Housing_exp
Lower middle income, Latin America and Caribbean, HND, Heating and Electricity_exp
Lower middle income, Latin America and Caribbean, HND, Household Appliances and Services_exp
Lower middle income, Latin America and Caribbean, HND, Health_exp
Lower middle income, Latin America and Caribbean, HND, Vehicle Purchase_exp
Lower middle income, Latin America and Caribbean, HND, Vehicle Fuel and Maintenance_exp
Lower middle income, Latin America and Caribbean, HND, Other Transport_exp
Lower middle income, Latin America and Caribbean, HND, Communication_exp
Lower middle income, Latin America and Caribbean, HND, Recreational_exp
Lower middle income, Latin America and Caribbean, HND, Package Holiday_exp
Lower middle income, Latin America and Caribbean, HND, Education_Finance_Luxury_exp
Lower middle income, BRIC, IND, Food_exp
Lower middle income, BRIC, IND, Alcohol and Tobacco_exp
Lower middle income, BRIC, IND, Wearables_exp
Lower middle income, BRIC, IND, Other Housing_exp
Lower middle income, BRIC, IND, Heating and Electricity_exp
Lower middle income, BRIC, IND, Household Appliances and Services_exp
Lower middle income, BRIC, IND, Health_exp
Lower middle income, BRIC, IND, Vehicle Purchase_exp
Lower middle income, BRIC, IND, Vehicle Fuel and Maintenance_exp
Lower middle income, BRIC, IND, Other Transport_exp
Lower middle income, BRIC, IND, Communication_exp
Lower middle income, BRIC, IND, Recreational_exp
Lower middle income, BRIC, IND, Package Holiday_exp
Lower middle income, BRIC, IND, Education_Finance_Luxury_exp
Lower middle income, East Asia and Pacific, IDN, Food_exp
Lower middle income, East Asia and Pacific, IDN, Alcohol and Tobacco_exp
Lower middle income, East Asia and Pacific, IDN, Wearables_exp
Lower middle income, East Asia and Pacific, IDN, Other Housing_exp
Lower middle income, East Asia and Pacific, IDN, Heating and Electricity_exp
Lower middle income, East Asia and Pacific, IDN, Household Appliances and Services_exp
Lower middle income, East Asia and Pacific, IDN, Health_exp
Lower middle income, East Asia and Pacific, IDN, Vehicle Purchase_exp
Lower middle income, East Asia and Pacific, IDN, Vehicle Fuel and Maintenance_exp
Lower middle income, East Asia and Pacific, IDN, Other Transport_exp
Lower middle income, East Asia and Pacific, IDN, Communication_exp
Lower middle income, East Asia and Pacific, IDN, Recreational_exp
Lower middle income, East Asia and Pacific, IDN, Package Holiday_exp
Lower middle income, East Asia and Pacific, IDN, Education_Finance_Luxury_exp
Upper middle income, Latin America and Caribbean, JAM, Food_exp
Upper middle income, Latin America and Caribbean, JAM, Alcohol and Tobacco_exp
Upper middle income, Latin America and Caribbean, JAM, Wearables_exp
Upper middle income, Latin America and Caribbean, JAM, Other Housing_exp
Upper middle income, Latin America and Caribbean, JAM, Heating and Electricity_exp
Upper middle income, Latin America and Caribbean, JAM, Household Appliances and Services_exp
Upper middle income, Latin America and Caribbean, JAM, Health_exp
Upper middle income, Latin America and Caribbean, JAM, Vehicle Purchase_exp
Upper middle income, Latin America and Caribbean, JAM, Vehicle Fuel and Maintenance_exp
Upper middle income, Latin America and Caribbean, JAM, Other Transport_exp
Upper middle income, Latin America and Caribbean, JAM, Communication_exp
Upper middle income, Latin America and Caribbean, JAM, Recreational_exp
Upper middle income, Latin America and Caribbean, JAM, Package Holiday_exp
Upper middle income, Latin America and Caribbean, JAM, Education_Finance_Luxury_exp
Upper middle income, Middle East and North Africa, JOR, Food_exp
Upper middle income, Middle East and North Africa, JOR, Alcohol and Tobacco_exp
Upper middle income, Middle East and North Africa, JOR, Wearables_exp
Upper middle income, Middle East and North Africa, JOR, Other Housing_exp
Upper middle income, Middle East and North Africa, JOR, Heating and Electricity_exp
Upper middle income, Middle East and North Africa, JOR, Household Appliances and Services_exp
Upper middle income, Middle East and North Africa, JOR, Health_exp
Upper middle income, Middle East and North Africa, JOR, Vehicle Purchase_exp
Upper middle income, Middle East and North Africa, JOR, Vehicle Fuel and Maintenance_exp
Upper middle income, Middle East and North Africa, JOR, Other Transport_exp
Upper middle income, Middle East and North Africa, JOR, Communication_exp
Upper middle income, Middle East and North Africa, JOR, Recreational_exp
Upper middle income, Middle East and North Africa, JOR, Package Holiday_exp
Upper middle income, Middle East and North Africa, JOR, Education_Finance_Luxury_exp
Upper middle income, Eastern Europe and Central Asia, KAZ, Food_exp
Upper middle income, Eastern Europe and Central Asia, KAZ, Alcohol and Tobacco_exp
Upper middle income, Eastern Europe and Central Asia, KAZ, Wearables_exp
Upper middle income, Eastern Europe and Central Asia, KAZ, Other Housing_exp
Upper middle income, Eastern Europe and Central Asia, KAZ, Heating and Electricity_exp
Upper middle income, Eastern Europe and Central Asia, KAZ, Household Appliances and Services_exp
Upper middle income, Eastern Europe and Central Asia, KAZ, Health_exp
Upper middle income, Eastern Europe and Central Asia, KAZ, Vehicle Purchase_exp
Upper middle income, Eastern Europe and Central Asia, KAZ, Vehicle Fuel and Maintenance_exp
Upper middle income, Eastern Europe and Central Asia, KAZ, Other Transport_exp
Upper middle income, Eastern Europe and Central Asia, KAZ, Communication_exp
Upper middle income, Eastern Europe and Central Asia, KAZ, Recreational_exp
Upper middle income, Eastern Europe and Central Asia, KAZ, Package Holiday_exp
Upper middle income, Eastern Europe and Central Asia, KAZ, Education_Finance_Luxury_exp
Lower middle income, Sub-Saharan Africa, KEN, Food_exp
Lower middle income, Sub-Saharan Africa, KEN, Alcohol and Tobacco_exp
Lower middle income, Sub-Saharan Africa, KEN, Wearables_exp
Lower middle income, Sub-Saharan Africa, KEN, Other Housing_exp
Lower middle income, Sub-Saharan Africa, KEN, Heating and Electricity_exp
Lower middle income, Sub-Saharan Africa, KEN, Household Appliances and Services_exp
Lower middle income, Sub-Saharan Africa, KEN, Health_exp
Lower middle income, Sub-Saharan Africa, KEN, Vehicle Purchase_exp
Lower middle income, Sub-Saharan Africa, KEN, Vehicle Fuel and Maintenance_exp
Lower middle income, Sub-Saharan Africa, KEN, Other Transport_exp
Lower middle income, Sub-Saharan Africa, KEN, Communication_exp
Lower middle income, Sub-Saharan Africa, KEN, Recreational_exp
Lower middle income, Sub-Saharan Africa, KEN, Package Holiday_exp
Lower middle income, Sub-Saharan Africa, KEN, Education_Finance_Luxury_exp
Lower middle income, Eastern Europe and Central Asia, KGZ, Food_exp
Lower middle income, Eastern Europe and Central Asia, KGZ, Alcohol and Tobacco_exp
Lower middle income, Eastern Europe and Central Asia, KGZ, Wearables_exp
Lower middle income, Eastern Europe and Central Asia, KGZ, Other Housing_exp
Lower middle income, Eastern Europe and Central Asia, KGZ, Heating and Electricity_exp
Lower middle income, Eastern Europe and Central Asia, KGZ, Household Appliances and Services_exp
Lower middle income, Eastern Europe and Central Asia, KGZ, Health_exp
Lower middle income, Eastern Europe and Central Asia, KGZ, Vehicle Purchase_exp
Lower middle income, Eastern Europe and Central Asia, KGZ, Vehicle Fuel and Maintenance_exp
Lower middle income, Eastern Europe and Central Asia, KGZ, Other Transport_exp
Lower middle income, Eastern Europe and Central Asia, KGZ, Communication_exp
Lower middle income, Eastern Europe and Central Asia, KGZ, Recreational_exp
Lower middle income, Eastern Europe and Central Asia, KGZ, Package Holiday_exp
Lower middle income, Eastern Europe and Central Asia, KGZ, Education_Finance_Luxury_exp
Lower middle income, East Asia and Pacific, LAO, Food_exp
Lower middle income, East Asia and Pacific, LAO, Alcohol and Tobacco_exp
Lower middle income, East Asia and Pacific, LAO, Wearables_exp
Lower middle income, East Asia and Pacific, LAO, Other Housing_exp
Lower middle income, East Asia and Pacific, LAO, Heating and Electricity_exp
Lower middle income, East Asia and Pacific, LAO, Household Appliances and Services_exp
Lower middle income, East Asia and Pacific, LAO, Health_exp
Lower middle income, East Asia and Pacific, LAO, Vehicle Purchase_exp
Lower middle income, East Asia and Pacific, LAO, Vehicle Fuel and Maintenance_exp
Lower middle income, East Asia and Pacific, LAO, Other Transport_exp
Lower middle income, East Asia and Pacific, LAO, Communication_exp
Lower middle income, East Asia and Pacific, LAO, Recreational_exp
Lower middle income, East Asia and Pacific, LAO, Package Holiday_exp
Lower middle income, East Asia and Pacific, LAO, Education_Finance_Luxury_exp
Low income, Sub-Saharan Africa, MDG, Food_exp
Low income, Sub-Saharan Africa, MDG, Alcohol and Tobacco_exp
Low income, Sub-Saharan Africa, MDG, Wearables_exp
Low income, Sub-Saharan Africa, MDG, Other Housing_exp
Low income, Sub-Saharan Africa, MDG, Heating and Electricity_exp
Low income, Sub-Saharan Africa, MDG, Household Appliances and Services_exp
Low income, Sub-Saharan Africa, MDG, Health_exp
Low income, Sub-Saharan Africa, MDG, Vehicle Purchase_exp
Low income, Sub-Saharan Africa, MDG, Vehicle Fuel and Maintenance_exp
Low income, Sub-Saharan Africa, MDG, Other Transport_exp
Low income, Sub-Saharan Africa, MDG, Communication_exp
Low income, Sub-Saharan Africa, MDG, Recreational_exp
Low income, Sub-Saharan Africa, MDG, Package Holiday_exp
Low income, Sub-Saharan Africa, MDG, Education_Finance_Luxury_exp
Low income, Sub-Saharan Africa, MWI, Food_exp
Low income, Sub-Saharan Africa, MWI, Alcohol and Tobacco_exp
Low income, Sub-Saharan Africa, MWI, Wearables_exp
Low income, Sub-Saharan Africa, MWI, Other Housing_exp
Low income, Sub-Saharan Africa, MWI, Heating and Electricity_exp
Low income, Sub-Saharan Africa, MWI, Household Appliances and Services_exp
Low income, Sub-Saharan Africa, MWI, Health_exp
Low income, Sub-Saharan Africa, MWI, Vehicle Purchase_exp
Low income, Sub-Saharan Africa, MWI, Vehicle Fuel and Maintenance_exp
Low income, Sub-Saharan Africa, MWI, Other Transport_exp
Low income, Sub-Saharan Africa, MWI, Communication_exp
Low income, Sub-Saharan Africa, MWI, Recreational_exp
Low income, Sub-Saharan Africa, MWI, Package Holiday_exp
Low income, Sub-Saharan Africa, MWI, Education_Finance_Luxury_exp
Upper middle income, Sub-Saharan Africa, MUS, Food_exp
Upper middle income, Sub-Saharan Africa, MUS, Alcohol and Tobacco_exp
Upper middle income, Sub-Saharan Africa, MUS, Wearables_exp
Upper middle income, Sub-Saharan Africa, MUS, Other Housing_exp
Upper middle income, Sub-Saharan Africa, MUS, Heating and Electricity_exp
Upper middle income, Sub-Saharan Africa, MUS, Household Appliances and Services_exp
Upper middle income, Sub-Saharan Africa, MUS, Health_exp
Upper middle income, Sub-Saharan Africa, MUS, Vehicle Purchase_exp
Upper middle income, Sub-Saharan Africa, MUS, Vehicle Fuel and Maintenance_exp
Upper middle income, Sub-Saharan Africa, MUS, Other Transport_exp
Upper middle income, Sub-Saharan Africa, MUS, Communication_exp
Upper middle income, Sub-Saharan Africa, MUS, Recreational_exp
Upper middle income, Sub-Saharan Africa, MUS, Package Holiday_exp
Upper middle income, Sub-Saharan Africa, MUS, Education_Finance_Luxury_exp
Upper middle income, Latin America and Caribbean, MEX, Food_exp
Upper middle income, Latin America and Caribbean, MEX, Alcohol and Tobacco_exp
Upper middle income, Latin America and Caribbean, MEX, Wearables_exp
Upper middle income, Latin America and Caribbean, MEX, Other Housing_exp
Upper middle income, Latin America and Caribbean, MEX, Heating and Electricity_exp
Upper middle income, Latin America and Caribbean, MEX, Household Appliances and Services_exp
Upper middle income, Latin America and Caribbean, MEX, Health_exp
Upper middle income, Latin America and Caribbean, MEX, Vehicle Purchase_exp
Upper middle income, Latin America and Caribbean, MEX, Vehicle Fuel and Maintenance_exp
Upper middle income, Latin America and Caribbean, MEX, Other Transport_exp
Upper middle income, Latin America and Caribbean, MEX, Communication_exp
Upper middle income, Latin America and Caribbean, MEX, Recreational_exp
Upper middle income, Latin America and Caribbean, MEX, Package Holiday_exp
Upper middle income, Latin America and Caribbean, MEX, Education_Finance_Luxury_exp
Lower middle income, East Asia and Pacific, MNG, Food_exp
Lower middle income, East Asia and Pacific, MNG, Alcohol and Tobacco_exp
Lower middle income, East Asia and Pacific, MNG, Wearables_exp
Lower middle income, East Asia and Pacific, MNG, Other Housing_exp
Lower middle income, East Asia and Pacific, MNG, Heating and Electricity_exp
Lower middle income, East Asia and Pacific, MNG, Household Appliances and Services_exp
Lower middle income, East Asia and Pacific, MNG, Health_exp
Lower middle income, East Asia and Pacific, MNG, Vehicle Purchase_exp
Lower middle income, East Asia and Pacific, MNG, Vehicle Fuel and Maintenance_exp
Lower middle income, East Asia and Pacific, MNG, Other Transport_exp
Lower middle income, East Asia and Pacific, MNG, Communication_exp
Lower middle income, East Asia and Pacific, MNG, Recreational_exp
Lower middle income, East Asia and Pacific, MNG, Package Holiday_exp
Lower middle income, East Asia and Pacific, MNG, Education_Finance_Luxury_exp
Lower middle income, Middle East and North Africa, MAR, Food_exp
Lower middle income, Middle East and North Africa, MAR, Alcohol and Tobacco_exp
Lower middle income, Middle East and North Africa, MAR, Wearables_exp
Lower middle income, Middle East and North Africa, MAR, Other Housing_exp
Lower middle income, Middle East and North Africa, MAR, Heating and Electricity_exp
Lower middle income, Middle East and North Africa, MAR, Household Appliances and Services_exp
Lower middle income, Middle East and North Africa, MAR, Health_exp
Lower middle income, Middle East and North Africa, MAR, Vehicle Purchase_exp
Lower middle income, Middle East and North Africa, MAR, Vehicle Fuel and Maintenance_exp
Lower middle income, Middle East and North Africa, MAR, Other Transport_exp
Lower middle income, Middle East and North Africa, MAR, Communication_exp
Lower middle income, Middle East and North Africa, MAR, Recreational_exp
Lower middle income, Middle East and North Africa, MAR, Package Holiday_exp
Lower middle income, Middle East and North Africa, MAR, Education_Finance_Luxury_exp
Low income, Sub-Saharan Africa, MOZ, Food_exp
Low income, Sub-Saharan Africa, MOZ, Alcohol and Tobacco_exp
Low income, Sub-Saharan Africa, MOZ, Wearables_exp
Low income, Sub-Saharan Africa, MOZ, Other Housing_exp
Low income, Sub-Saharan Africa, MOZ, Heating and Electricity_exp
Low income, Sub-Saharan Africa, MOZ, Household Appliances and Services_exp
Low income, Sub-Saharan Africa, MOZ, Health_exp
Low income, Sub-Saharan Africa, MOZ, Vehicle Purchase_exp
Low income, Sub-Saharan Africa, MOZ, Vehicle Fuel and Maintenance_exp
Low income, Sub-Saharan Africa, MOZ, Other Transport_exp
Low income, Sub-Saharan Africa, MOZ, Communication_exp
Low income, Sub-Saharan Africa, MOZ, Recreational_exp
Low income, Sub-Saharan Africa, MOZ, Package Holiday_exp
Low income, Sub-Saharan Africa, MOZ, Education_Finance_Luxury_exp
Upper middle income, Sub-Saharan Africa, NAM, Food_exp
Upper middle income, Sub-Saharan Africa, NAM, Alcohol and Tobacco_exp
Upper middle income, Sub-Saharan Africa, NAM, Wearables_exp
Upper middle income, Sub-Saharan Africa, NAM, Other Housing_exp
Upper middle income, Sub-Saharan Africa, NAM, Heating and Electricity_exp
Upper middle income, Sub-Saharan Africa, NAM, Household Appliances and Services_exp
Upper middle income, Sub-Saharan Africa, NAM, Health_exp
Upper middle income, Sub-Saharan Africa, NAM, Vehicle Purchase_exp
Upper middle income, Sub-Saharan Africa, NAM, Vehicle Fuel and Maintenance_exp
Upper middle income, Sub-Saharan Africa, NAM, Other Transport_exp
Upper middle income, Sub-Saharan Africa, NAM, Communication_exp
Upper middle income, Sub-Saharan Africa, NAM, Recreational_exp
Upper middle income, Sub-Saharan Africa, NAM, Package Holiday_exp
Upper middle income, Sub-Saharan Africa, NAM, Education_Finance_Luxury_exp
Low income, South Asia, NPL, Food_exp
Low income, South Asia, NPL, Alcohol and Tobacco_exp
Low income, South Asia, NPL, Wearables_exp
Low income, South Asia, NPL, Other Housing_exp
Low income, South Asia, NPL, Heating and Electricity_exp
Low income, South Asia, NPL, Household Appliances and Services_exp
Low income, South Asia, NPL, Health_exp
Low income, South Asia, NPL, Vehicle Purchase_exp
Low income, South Asia, NPL, Vehicle Fuel and Maintenance_exp
Low income, South Asia, NPL, Other Transport_exp
Low income, South Asia, NPL, Communication_exp
Low income, South Asia, NPL, Recreational_exp
Low income, South Asia, NPL, Package Holiday_exp
Low income, South Asia, NPL, Education_Finance_Luxury_exp
Lower middle income, Latin America and Caribbean, NIC, Food_exp
Lower middle income, Latin America and Caribbean, NIC, Alcohol and Tobacco_exp
Lower middle income, Latin America and Caribbean, NIC, Wearables_exp
Lower middle income, Latin America and Caribbean, NIC, Other Housing_exp
Lower middle income, Latin America and Caribbean, NIC, Heating and Electricity_exp
Lower middle income, Latin America and Caribbean, NIC, Household Appliances and Services_exp
Lower middle income, Latin America and Caribbean, NIC, Health_exp
Lower middle income, Latin America and Caribbean, NIC, Vehicle Purchase_exp
Lower middle income, Latin America and Caribbean, NIC, Vehicle Fuel and Maintenance_exp
Lower middle income, Latin America and Caribbean, NIC, Other Transport_exp
Lower middle income, Latin America and Caribbean, NIC, Communication_exp
Lower middle income, Latin America and Caribbean, NIC, Recreational_exp
Lower middle income, Latin America and Caribbean, NIC, Package Holiday_exp
Lower middle income, Latin America and Caribbean, NIC, Education_Finance_Luxury_exp
Lower middle income, Sub-Saharan Africa, NGA, Food_exp
Lower middle income, Sub-Saharan Africa, NGA, Alcohol and Tobacco_exp
Lower middle income, Sub-Saharan Africa, NGA, Wearables_exp
Lower middle income, Sub-Saharan Africa, NGA, Other Housing_exp
Lower middle income, Sub-Saharan Africa, NGA, Heating and Electricity_exp
Lower middle income, Sub-Saharan Africa, NGA, Household Appliances and Services_exp
Lower middle income, Sub-Saharan Africa, NGA, Health_exp
Lower middle income, Sub-Saharan Africa, NGA, Vehicle Purchase_exp
Lower middle income, Sub-Saharan Africa, NGA, Vehicle Fuel and Maintenance_exp
Lower middle income, Sub-Saharan Africa, NGA, Other Transport_exp
Lower middle income, Sub-Saharan Africa, NGA, Communication_exp
Lower middle income, Sub-Saharan Africa, NGA, Recreational_exp
Lower middle income, Sub-Saharan Africa, NGA, Package Holiday_exp
Lower middle income, Sub-Saharan Africa, NGA, Education_Finance_Luxury_exp
Lower middle income, South Asia, PAK, Food_exp
Lower middle income, South Asia, PAK, Alcohol and Tobacco_exp
Lower middle income, South Asia, PAK, Wearables_exp
Lower middle income, South Asia, PAK, Other Housing_exp
Lower middle income, South Asia, PAK, Heating and Electricity_exp
Lower middle income, South Asia, PAK, Household Appliances and Services_exp
Lower middle income, South Asia, PAK, Health_exp
Lower middle income, South Asia, PAK, Vehicle Purchase_exp
Lower middle income, South Asia, PAK, Vehicle Fuel and Maintenance_exp
Lower middle income, South Asia, PAK, Other Transport_exp
Lower middle income, South Asia, PAK, Communication_exp
Lower middle income, South Asia, PAK, Recreational_exp
Lower middle income, South Asia, PAK, Package Holiday_exp
Lower middle income, South Asia, PAK, Education_Finance_Luxury_exp
Upper middle income, Latin America and Caribbean, PRY, Food_exp
Upper middle income, Latin America and Caribbean, PRY, Alcohol and Tobacco_exp
Upper middle income, Latin America and Caribbean, PRY, Wearables_exp
Upper middle income, Latin America and Caribbean, PRY, Other Housing_exp
Upper middle income, Latin America and Caribbean, PRY, Heating and Electricity_exp
Upper middle income, Latin America and Caribbean, PRY, Household Appliances and Services_exp
Upper middle income, Latin America and Caribbean, PRY, Health_exp
Upper middle income, Latin America and Caribbean, PRY, Vehicle Purchase_exp
Upper middle income, Latin America and Caribbean, PRY, Vehicle Fuel and Maintenance_exp
Upper middle income, Latin America and Caribbean, PRY, Other Transport_exp
Upper middle income, Latin America and Caribbean, PRY, Communication_exp
Upper middle income, Latin America and Caribbean, PRY, Recreational_exp
Upper middle income, Latin America and Caribbean, PRY, Package Holiday_exp
Upper middle income, Latin America and Caribbean, PRY, Education_Finance_Luxury_exp
Upper middle income, Latin America and Caribbean, PER, Food_exp
Upper middle income, Latin America and Caribbean, PER, Alcohol and Tobacco_exp
Upper middle income, Latin America and Caribbean, PER, Wearables_exp
Upper middle income, Latin America and Caribbean, PER, Other Housing_exp
Upper middle income, Latin America and Caribbean, PER, Heating and Electricity_exp
Upper middle income, Latin America and Caribbean, PER, Household Appliances and Services_exp
Upper middle income, Latin America and Caribbean, PER, Health_exp
Upper middle income, Latin America and Caribbean, PER, Vehicle Purchase_exp
Upper middle income, Latin America and Caribbean, PER, Vehicle Fuel and Maintenance_exp
Upper middle income, Latin America and Caribbean, PER, Other Transport_exp
Upper middle income, Latin America and Caribbean, PER, Communication_exp
Upper middle income, Latin America and Caribbean, PER, Recreational_exp
Upper middle income, Latin America and Caribbean, PER, Package Holiday_exp
Upper middle income, Latin America and Caribbean, PER, Education_Finance_Luxury_exp
Lower middle income, East Asia and Pacific, PHL, Food_exp
Lower middle income, East Asia and Pacific, PHL, Alcohol and Tobacco_exp
Lower middle income, East Asia and Pacific, PHL, Wearables_exp
Lower middle income, East Asia and Pacific, PHL, Other Housing_exp
Lower middle income, East Asia and Pacific, PHL, Heating and Electricity_exp
Lower middle income, East Asia and Pacific, PHL, Household Appliances and Services_exp
Lower middle income, East Asia and Pacific, PHL, Health_exp
Lower middle income, East Asia and Pacific, PHL, Vehicle Purchase_exp
Lower middle income, East Asia and Pacific, PHL, Vehicle Fuel and Maintenance_exp
Lower middle income, East Asia and Pacific, PHL, Other Transport_exp
Lower middle income, East Asia and Pacific, PHL, Communication_exp
Lower middle income, East Asia and Pacific, PHL, Recreational_exp
Lower middle income, East Asia and Pacific, PHL, Package Holiday_exp
Lower middle income, East Asia and Pacific, PHL, Education_Finance_Luxury_exp
Upper middle income, BRIC, RUS, Food_exp
Upper middle income, BRIC, RUS, Alcohol and Tobacco_exp
Upper middle income, BRIC, RUS, Wearables_exp
Upper middle income, BRIC, RUS, Other Housing_exp
Upper middle income, BRIC, RUS, Heating and Electricity_exp
Upper middle income, BRIC, RUS, Household Appliances and Services_exp
Upper middle income, BRIC, RUS, Health_exp
Upper middle income, BRIC, RUS, Vehicle Purchase_exp
Upper middle income, BRIC, RUS, Vehicle Fuel and Maintenance_exp
Upper middle income, BRIC, RUS, Other Transport_exp
Upper middle income, BRIC, RUS, Communication_exp
Upper middle income, BRIC, RUS, Recreational_exp
Upper middle income, BRIC, RUS, Package Holiday_exp
Upper middle income, BRIC, RUS, Education_Finance_Luxury_exp
Low income, Sub-Saharan Africa, RWA, Food_exp
Low income, Sub-Saharan Africa, RWA, Alcohol and Tobacco_exp
Low income, Sub-Saharan Africa, RWA, Wearables_exp
Low income, Sub-Saharan Africa, RWA, Other Housing_exp
Low income, Sub-Saharan Africa, RWA, Heating and Electricity_exp
Low income, Sub-Saharan Africa, RWA, Household Appliances and Services_exp
Low income, Sub-Saharan Africa, RWA, Health_exp
Low income, Sub-Saharan Africa, RWA, Vehicle Purchase_exp
Low income, Sub-Saharan Africa, RWA, Vehicle Fuel and Maintenance_exp
Low income, Sub-Saharan Africa, RWA, Other Transport_exp
Low income, Sub-Saharan Africa, RWA, Communication_exp
Low income, Sub-Saharan Africa, RWA, Recreational_exp
Low income, Sub-Saharan Africa, RWA, Package Holiday_exp
Low income, Sub-Saharan Africa, RWA, Education_Finance_Luxury_exp
Lower middle income, Sub-Saharan Africa, SEN, Food_exp
Lower middle income, Sub-Saharan Africa, SEN, Alcohol and Tobacco_exp
Lower middle income, Sub-Saharan Africa, SEN, Wearables_exp
Lower middle income, Sub-Saharan Africa, SEN, Other Housing_exp
Lower middle income, Sub-Saharan Africa, SEN, Heating and Electricity_exp
Lower middle income, Sub-Saharan Africa, SEN, Household Appliances and Services_exp
Lower middle income, Sub-Saharan Africa, SEN, Health_exp
Lower middle income, Sub-Saharan Africa, SEN, Vehicle Purchase_exp
Lower middle income, Sub-Saharan Africa, SEN, Vehicle Fuel and Maintenance_exp
Lower middle income, Sub-Saharan Africa, SEN, Other Transport_exp
Lower middle income, Sub-Saharan Africa, SEN, Communication_exp
Lower middle income, Sub-Saharan Africa, SEN, Recreational_exp
Lower middle income, Sub-Saharan Africa, SEN, Package Holiday_exp
Lower middle income, Sub-Saharan Africa, SEN, Education_Finance_Luxury_exp
Upper middle income, Sub-Saharan Africa, ZAF, Food_exp
Upper middle income, Sub-Saharan Africa, ZAF, Alcohol and Tobacco_exp
Upper middle income, Sub-Saharan Africa, ZAF, Wearables_exp
Upper middle income, Sub-Saharan Africa, ZAF, Other Housing_exp
Upper middle income, Sub-Saharan Africa, ZAF, Heating and Electricity_exp
Upper middle income, Sub-Saharan Africa, ZAF, Household Appliances and Services_exp
Upper middle income, Sub-Saharan Africa, ZAF, Health_exp
Upper middle income, Sub-Saharan Africa, ZAF, Vehicle Purchase_exp
Upper middle income, Sub-Saharan Africa, ZAF, Vehicle Fuel and Maintenance_exp
Upper middle income, Sub-Saharan Africa, ZAF, Other Transport_exp
Upper middle income, Sub-Saharan Africa, ZAF, Communication_exp
Upper middle income, Sub-Saharan Africa, ZAF, Recreational_exp
Upper middle income, Sub-Saharan Africa, ZAF, Package Holiday_exp
Upper middle income, Sub-Saharan Africa, ZAF, Education_Finance_Luxury_exp
Upper middle income, South Asia, LKA, Food_exp
Upper middle income, South Asia, LKA, Alcohol and Tobacco_exp
Upper middle income, South Asia, LKA, Wearables_exp
Upper middle income, South Asia, LKA, Other Housing_exp
Upper middle income, South Asia, LKA, Heating and Electricity_exp
Upper middle income, South Asia, LKA, Household Appliances and Services_exp
Upper middle income, South Asia, LKA, Health_exp
Upper middle income, South Asia, LKA, Vehicle Purchase_exp
Upper middle income, South Asia, LKA, Vehicle Fuel and Maintenance_exp
Upper middle income, South Asia, LKA, Other Transport_exp
Upper middle income, South Asia, LKA, Communication_exp
Upper middle income, South Asia, LKA, Recreational_exp
Upper middle income, South Asia, LKA, Package Holiday_exp
Upper middle income, South Asia, LKA, Education_Finance_Luxury_exp
Low income, Sub-Saharan Africa, TZA, Food_exp
Low income, Sub-Saharan Africa, TZA, Alcohol and Tobacco_exp
Low income, Sub-Saharan Africa, TZA, Wearables_exp
Low income, Sub-Saharan Africa, TZA, Other Housing_exp
Low income, Sub-Saharan Africa, TZA, Heating and Electricity_exp
Low income, Sub-Saharan Africa, TZA, Household Appliances and Services_exp
Low income, Sub-Saharan Africa, TZA, Health_exp
Low income, Sub-Saharan Africa, TZA, Vehicle Purchase_exp
Low income, Sub-Saharan Africa, TZA, Vehicle Fuel and Maintenance_exp
Low income, Sub-Saharan Africa, TZA, Other Transport_exp
Low income, Sub-Saharan Africa, TZA, Communication_exp
Low income, Sub-Saharan Africa, TZA, Recreational_exp
Low income, Sub-Saharan Africa, TZA, Package Holiday_exp
Low income, Sub-Saharan Africa, TZA, Education_Finance_Luxury_exp
Upper middle income, East Asia and Pacific, THA, Food_exp
Upper middle income, East Asia and Pacific, THA, Alcohol and Tobacco_exp
Upper middle income, East Asia and Pacific, THA, Wearables_exp
Upper middle income, East Asia and Pacific, THA, Other Housing_exp
Upper middle income, East Asia and Pacific, THA, Heating and Electricity_exp
Upper middle income, East Asia and Pacific, THA, Household Appliances and Services_exp
Upper middle income, East Asia and Pacific, THA, Health_exp
Upper middle income, East Asia and Pacific, THA, Vehicle Purchase_exp
Upper middle income, East Asia and Pacific, THA, Vehicle Fuel and Maintenance_exp
Upper middle income, East Asia and Pacific, THA, Other Transport_exp
Upper middle income, East Asia and Pacific, THA, Communication_exp
Upper middle income, East Asia and Pacific, THA, Recreational_exp
Upper middle income, East Asia and Pacific, THA, Package Holiday_exp
Upper middle income, East Asia and Pacific, THA, Education_Finance_Luxury_exp
Low income, Sub-Saharan Africa, TGO, Food_exp
Low income, Sub-Saharan Africa, TGO, Alcohol and Tobacco_exp
Low income, Sub-Saharan Africa, TGO, Wearables_exp
Low income, Sub-Saharan Africa, TGO, Other Housing_exp
Low income, Sub-Saharan Africa, TGO, Heating and Electricity_exp
Low income, Sub-Saharan Africa, TGO, Household Appliances and Services_exp
Low income, Sub-Saharan Africa, TGO, Health_exp
Low income, Sub-Saharan Africa, TGO, Vehicle Purchase_exp
Low income, Sub-Saharan Africa, TGO, Vehicle Fuel and Maintenance_exp
Low income, Sub-Saharan Africa, TGO, Other Transport_exp
Low income, Sub-Saharan Africa, TGO, Communication_exp
Low income, Sub-Saharan Africa, TGO, Recreational_exp
Low income, Sub-Saharan Africa, TGO, Package Holiday_exp
Low income, Sub-Saharan Africa, TGO, Education_Finance_Luxury_exp
Low income, Sub-Saharan Africa, UGA, Food_exp
Low income, Sub-Saharan Africa, UGA, Alcohol and Tobacco_exp
Low income, Sub-Saharan Africa, UGA, Wearables_exp
Low income, Sub-Saharan Africa, UGA, Other Housing_exp
Low income, Sub-Saharan Africa, UGA, Heating and Electricity_exp
Low income, Sub-Saharan Africa, UGA, Household Appliances and Services_exp
Low income, Sub-Saharan Africa, UGA, Health_exp
Low income, Sub-Saharan Africa, UGA, Vehicle Purchase_exp
Low income, Sub-Saharan Africa, UGA, Vehicle Fuel and Maintenance_exp
Low income, Sub-Saharan Africa, UGA, Other Transport_exp
Low income, Sub-Saharan Africa, UGA, Communication_exp
Low income, Sub-Saharan Africa, UGA, Recreational_exp
Low income, Sub-Saharan Africa, UGA, Package Holiday_exp
Low income, Sub-Saharan Africa, UGA, Education_Finance_Luxury_exp
Lower middle income, Eastern Europe and Central Asia, UKR, Food_exp
Lower middle income, Eastern Europe and Central Asia, UKR, Alcohol and Tobacco_exp
Lower middle income, Eastern Europe and Central Asia, UKR, Wearables_exp
Lower middle income, Eastern Europe and Central Asia, UKR, Other Housing_exp
Lower middle income, Eastern Europe and Central Asia, UKR, Heating and Electricity_exp
Lower middle income, Eastern Europe and Central Asia, UKR, Household Appliances and Services_exp
Lower middle income, Eastern Europe and Central Asia, UKR, Health_exp
Lower middle income, Eastern Europe and Central Asia, UKR, Vehicle Purchase_exp
Lower middle income, Eastern Europe and Central Asia, UKR, Vehicle Fuel and Maintenance_exp
Lower middle income, Eastern Europe and Central Asia, UKR, Other Transport_exp
Lower middle income, Eastern Europe and Central Asia, UKR, Communication_exp
Lower middle income, Eastern Europe and Central Asia, UKR, Recreational_exp
Lower middle income, Eastern Europe and Central Asia, UKR, Package Holiday_exp
Lower middle income, Eastern Europe and Central Asia, UKR, Education_Finance_Luxury_exp
Lower middle income, East Asia and Pacific, VNM, Food_exp
Lower middle income, East Asia and Pacific, VNM, Alcohol and Tobacco_exp
Lower middle income, East Asia and Pacific, VNM, Wearables_exp
Lower middle income, East Asia and Pacific, VNM, Other Housing_exp
Lower middle income, East Asia and Pacific, VNM, Heating and Electricity_exp
Lower middle income, East Asia and Pacific, VNM, Household Appliances and Services_exp
Lower middle income, East Asia and Pacific, VNM, Health_exp
Lower middle income, East Asia and Pacific, VNM, Vehicle Purchase_exp
Lower middle income, East Asia and Pacific, VNM, Vehicle Fuel and Maintenance_exp
Lower middle income, East Asia and Pacific, VNM, Other Transport_exp
Lower middle income, East Asia and Pacific, VNM, Communication_exp
Lower middle income, East Asia and Pacific, VNM, Recreational_exp
Lower middle income, East Asia and Pacific, VNM, Package Holiday_exp
Lower middle income, East Asia and Pacific, VNM, Education_Finance_Luxury_exp
Lower middle income, Sub-Saharan Africa, ZMB, Food_exp
Lower middle income, Sub-Saharan Africa, ZMB, Alcohol and Tobacco_exp
Lower middle income, Sub-Saharan Africa, ZMB, Wearables_exp
Lower middle income, Sub-Saharan Africa, ZMB, Other Housing_exp
Lower middle income, Sub-Saharan Africa, ZMB, Heating and Electricity_exp
Lower middle income, Sub-Saharan Africa, ZMB, Household Appliances and Services_exp
Lower middle income, Sub-Saharan Africa, ZMB, Health_exp
Lower middle income, Sub-Saharan Africa, ZMB, Vehicle Purchase_exp
Lower middle income, Sub-Saharan Africa, ZMB, Vehicle Fuel and Maintenance_exp
Lower middle income, Sub-Saharan Africa, ZMB, Other Transport_exp
Lower middle income, Sub-Saharan Africa, ZMB, Communication_exp
Lower middle income, Sub-Saharan Africa, ZMB, Recreational_exp
Lower middle income, Sub-Saharan Africa, ZMB, Package Holiday_exp
Lower middle income, Sub-Saharan Africa, ZMB, Education_Finance_Luxury_exp
High income, Europe, AUT, Food_exp
High income, Europe, AUT, Alcohol and Tobacco_exp
High income, Europe, AUT, Wearables_exp
High income, Europe, AUT, Other Housing_exp
High income, Europe, AUT, Heating and Electricity_exp
High income, Europe, AUT, Household Appliances and Services_exp
High income, Europe, AUT, Health_exp
High income, Europe, AUT, Vehicle Purchase_exp
High income, Europe, AUT, Vehicle Fuel and Maintenance_exp
High income, Europe, AUT, Other Transport_exp
High income, Europe, AUT, Communication_exp
High income, Europe, AUT, Recreational_exp
High income, Europe, AUT, Package Holiday_exp
High income, Europe, AUT, Education_Finance_Luxury_exp
High income, Europe, BEL, Food_exp
High income, Europe, BEL, Alcohol and Tobacco_exp
High income, Europe, BEL, Wearables_exp
High income, Europe, BEL, Other Housing_exp
High income, Europe, BEL, Heating and Electricity_exp
High income, Europe, BEL, Household Appliances and Services_exp
High income, Europe, BEL, Health_exp
High income, Europe, BEL, Vehicle Purchase_exp
High income, Europe, BEL, Vehicle Fuel and Maintenance_exp
High income, Europe, BEL, Other Transport_exp
High income, Europe, BEL, Communication_exp
High income, Europe, BEL, Recreational_exp
High income, Europe, BEL, Package Holiday_exp
High income, Europe, BEL, Education_Finance_Luxury_exp
Upper middle income, Europe, BGR, Food_exp
Upper middle income, Europe, BGR, Alcohol and Tobacco_exp
Upper middle income, Europe, BGR, Wearables_exp
Upper middle income, Europe, BGR, Other Housing_exp
Upper middle income, Europe, BGR, Heating and Electricity_exp
Upper middle income, Europe, BGR, Household Appliances and Services_exp
Upper middle income, Europe, BGR, Health_exp
Upper middle income, Europe, BGR, Vehicle Purchase_exp
Upper middle income, Europe, BGR, Vehicle Fuel and Maintenance_exp
Upper middle income, Europe, BGR, Other Transport_exp
Upper middle income, Europe, BGR, Communication_exp
Upper middle income, Europe, BGR, Recreational_exp
Upper middle income, Europe, BGR, Package Holiday_exp
Upper middle income, Europe, BGR, Education_Finance_Luxury_exp
High income, Europe, CYP, Food_exp
High income, Europe, CYP, Alcohol and Tobacco_exp
High income, Europe, CYP, Wearables_exp
High income, Europe, CYP, Other Housing_exp
High income, Europe, CYP, Heating and Electricity_exp
High income, Europe, CYP, Household Appliances and Services_exp
High income, Europe, CYP, Health_exp
High income, Europe, CYP, Vehicle Purchase_exp
High income, Europe, CYP, Vehicle Fuel and Maintenance_exp
High income, Europe, CYP, Other Transport_exp
High income, Europe, CYP, Communication_exp
High income, Europe, CYP, Recreational_exp
High income, Europe, CYP, Package Holiday_exp
High income, Europe, CYP, Education_Finance_Luxury_exp
High income, Europe, CZE, Food_exp
High income, Europe, CZE, Alcohol and Tobacco_exp
High income, Europe, CZE, Wearables_exp
High income, Europe, CZE, Other Housing_exp
High income, Europe, CZE, Heating and Electricity_exp
High income, Europe, CZE, Household Appliances and Services_exp
High income, Europe, CZE, Health_exp
High income, Europe, CZE, Vehicle Purchase_exp
High income, Europe, CZE, Vehicle Fuel and Maintenance_exp
High income, Europe, CZE, Other Transport_exp
High income, Europe, CZE, Communication_exp
High income, Europe, CZE, Recreational_exp
High income, Europe, CZE, Package Holiday_exp
High income, Europe, CZE, Education_Finance_Luxury_exp
High income, G7, DEU, Food_exp
High income, G7, DEU, Alcohol and Tobacco_exp
High income, G7, DEU, Wearables_exp
High income, G7, DEU, Other Housing_exp
High income, G7, DEU, Heating and Electricity_exp
High income, G7, DEU, Household Appliances and Services_exp
High income, G7, DEU, Health_exp
High income, G7, DEU, Vehicle Purchase_exp
High income, G7, DEU, Vehicle Fuel and Maintenance_exp
High income, G7, DEU, Other Transport_exp
High income, G7, DEU, Communication_exp
High income, G7, DEU, Recreational_exp
High income, G7, DEU, Package Holiday_exp
High income, G7, DEU, Education_Finance_Luxury_exp
High income, Europe, DNK, Food_exp
High income, Europe, DNK, Alcohol and Tobacco_exp
High income, Europe, DNK, Wearables_exp
High income, Europe, DNK, Other Housing_exp
High income, Europe, DNK, Heating and Electricity_exp
High income, Europe, DNK, Household Appliances and Services_exp
High income, Europe, DNK, Health_exp
High income, Europe, DNK, Vehicle Purchase_exp
High income, Europe, DNK, Vehicle Fuel and Maintenance_exp
High income, Europe, DNK, Other Transport_exp
High income, Europe, DNK, Communication_exp
High income, Europe, DNK, Recreational_exp
High income, Europe, DNK, Package Holiday_exp
High income, Europe, DNK, Education_Finance_Luxury_exp
High income, Europe, EST, Food_exp
High income, Europe, EST, Alcohol and Tobacco_exp
High income, Europe, EST, Wearables_exp
High income, Europe, EST, Other Housing_exp
High income, Europe, EST, Heating and Electricity_exp
High income, Europe, EST, Household Appliances and Services_exp
High income, Europe, EST, Health_exp
High income, Europe, EST, Vehicle Purchase_exp
High income, Europe, EST, Vehicle Fuel and Maintenance_exp
High income, Europe, EST, Other Transport_exp
High income, Europe, EST, Communication_exp
High income, Europe, EST, Recreational_exp
High income, Europe, EST, Package Holiday_exp
High income, Europe, EST, Education_Finance_Luxury_exp
High income, Europe, ESP, Food_exp
High income, Europe, ESP, Alcohol and Tobacco_exp
High income, Europe, ESP, Wearables_exp
High income, Europe, ESP, Other Housing_exp
High income, Europe, ESP, Heating and Electricity_exp
High income, Europe, ESP, Household Appliances and Services_exp
High income, Europe, ESP, Health_exp
High income, Europe, ESP, Vehicle Purchase_exp
High income, Europe, ESP, Vehicle Fuel and Maintenance_exp
High income, Europe, ESP, Other Transport_exp
High income, Europe, ESP, Communication_exp
High income, Europe, ESP, Recreational_exp
High income, Europe, ESP, Package Holiday_exp
High income, Europe, ESP, Education_Finance_Luxury_exp
High income, Europe, FIN, Food_exp
High income, Europe, FIN, Alcohol and Tobacco_exp
High income, Europe, FIN, Wearables_exp
High income, Europe, FIN, Other Housing_exp
High income, Europe, FIN, Heating and Electricity_exp
High income, Europe, FIN, Household Appliances and Services_exp
High income, Europe, FIN, Health_exp
High income, Europe, FIN, Vehicle Purchase_exp
High income, Europe, FIN, Vehicle Fuel and Maintenance_exp
High income, Europe, FIN, Other Transport_exp
High income, Europe, FIN, Communication_exp
High income, Europe, FIN, Recreational_exp
High income, Europe, FIN, Package Holiday_exp
High income, Europe, FIN, Education_Finance_Luxury_exp
High income, G7, FRA, Food_exp
High income, G7, FRA, Alcohol and Tobacco_exp
High income, G7, FRA, Wearables_exp
High income, G7, FRA, Other Housing_exp
High income, G7, FRA, Heating and Electricity_exp
High income, G7, FRA, Household Appliances and Services_exp
High income, G7, FRA, Health_exp
High income, G7, FRA, Vehicle Purchase_exp
High income, G7, FRA, Vehicle Fuel and Maintenance_exp
High income, G7, FRA, Other Transport_exp
High income, G7, FRA, Communication_exp
High income, G7, FRA, Recreational_exp
High income, G7, FRA, Package Holiday_exp
High income, G7, FRA, Education_Finance_Luxury_exp
High income, Europe, GRC, Food_exp
High income, Europe, GRC, Alcohol and Tobacco_exp
High income, Europe, GRC, Wearables_exp
High income, Europe, GRC, Other Housing_exp
High income, Europe, GRC, Heating and Electricity_exp
High income, Europe, GRC, Household Appliances and Services_exp
High income, Europe, GRC, Health_exp
High income, Europe, GRC, Vehicle Purchase_exp
High income, Europe, GRC, Vehicle Fuel and Maintenance_exp
High income, Europe, GRC, Other Transport_exp
High income, Europe, GRC, Communication_exp
High income, Europe, GRC, Recreational_exp
High income, Europe, GRC, Package Holiday_exp
High income, Europe, GRC, Education_Finance_Luxury_exp
High income, Europe, HRV, Food_exp
High income, Europe, HRV, Alcohol and Tobacco_exp
High income, Europe, HRV, Wearables_exp
High income, Europe, HRV, Other Housing_exp
High income, Europe, HRV, Heating and Electricity_exp
High income, Europe, HRV, Household Appliances and Services_exp
High income, Europe, HRV, Health_exp
High income, Europe, HRV, Vehicle Purchase_exp
High income, Europe, HRV, Vehicle Fuel and Maintenance_exp
High income, Europe, HRV, Other Transport_exp
High income, Europe, HRV, Communication_exp
High income, Europe, HRV, Recreational_exp
High income, Europe, HRV, Package Holiday_exp
High income, Europe, HRV, Education_Finance_Luxury_exp
High income, Europe, HUN, Food_exp
High income, Europe, HUN, Alcohol and Tobacco_exp
High income, Europe, HUN, Wearables_exp
High income, Europe, HUN, Other Housing_exp
High income, Europe, HUN, Heating and Electricity_exp
High income, Europe, HUN, Household Appliances and Services_exp
High income, Europe, HUN, Health_exp
High income, Europe, HUN, Vehicle Purchase_exp
High income, Europe, HUN, Vehicle Fuel and Maintenance_exp
High income, Europe, HUN, Other Transport_exp
High income, Europe, HUN, Communication_exp
High income, Europe, HUN, Recreational_exp
High income, Europe, HUN, Package Holiday_exp
High income, Europe, HUN, Education_Finance_Luxury_exp
High income, Europe, IRL, Food_exp
High income, Europe, IRL, Alcohol and Tobacco_exp
High income, Europe, IRL, Wearables_exp
High income, Europe, IRL, Other Housing_exp
High income, Europe, IRL, Heating and Electricity_exp
High income, Europe, IRL, Household Appliances and Services_exp
High income, Europe, IRL, Health_exp
High income, Europe, IRL, Vehicle Purchase_exp
High income, Europe, IRL, Vehicle Fuel and Maintenance_exp
High income, Europe, IRL, Other Transport_exp
High income, Europe, IRL, Communication_exp
High income, Europe, IRL, Recreational_exp
High income, Europe, IRL, Package Holiday_exp
High income, Europe, IRL, Education_Finance_Luxury_exp
High income, G7, ITA, Food_exp
High income, G7, ITA, Alcohol and Tobacco_exp
High income, G7, ITA, Wearables_exp
High income, G7, ITA, Other Housing_exp
High income, G7, ITA, Heating and Electricity_exp
High income, G7, ITA, Household Appliances and Services_exp
High income, G7, ITA, Health_exp
High income, G7, ITA, Vehicle Purchase_exp
High income, G7, ITA, Vehicle Fuel and Maintenance_exp
High income, G7, ITA, Other Transport_exp
High income, G7, ITA, Communication_exp
High income, G7, ITA, Recreational_exp
High income, G7, ITA, Package Holiday_exp
High income, G7, ITA, Education_Finance_Luxury_exp
High income, Europe, LTU, Food_exp
High income, Europe, LTU, Alcohol and Tobacco_exp
High income, Europe, LTU, Wearables_exp
High income, Europe, LTU, Other Housing_exp
High income, Europe, LTU, Heating and Electricity_exp
High income, Europe, LTU, Household Appliances and Services_exp
High income, Europe, LTU, Health_exp
High income, Europe, LTU, Vehicle Purchase_exp
High income, Europe, LTU, Vehicle Fuel and Maintenance_exp
High income, Europe, LTU, Other Transport_exp
High income, Europe, LTU, Communication_exp
High income, Europe, LTU, Recreational_exp
High income, Europe, LTU, Package Holiday_exp
High income, Europe, LTU, Education_Finance_Luxury_exp
High income, Europe, LUX, Food_exp
High income, Europe, LUX, Alcohol and Tobacco_exp
High income, Europe, LUX, Wearables_exp
High income, Europe, LUX, Other Housing_exp
High income, Europe, LUX, Heating and Electricity_exp
High income, Europe, LUX, Household Appliances and Services_exp
High income, Europe, LUX, Health_exp
High income, Europe, LUX, Vehicle Purchase_exp
High income, Europe, LUX, Vehicle Fuel and Maintenance_exp
High income, Europe, LUX, Other Transport_exp
High income, Europe, LUX, Communication_exp
High income, Europe, LUX, Recreational_exp
High income, Europe, LUX, Package Holiday_exp
High income, Europe, LUX, Education_Finance_Luxury_exp
High income, Europe, LVA, Food_exp
High income, Europe, LVA, Alcohol and Tobacco_exp
High income, Europe, LVA, Wearables_exp
High income, Europe, LVA, Other Housing_exp
High income, Europe, LVA, Heating and Electricity_exp
High income, Europe, LVA, Household Appliances and Services_exp
High income, Europe, LVA, Health_exp
High income, Europe, LVA, Vehicle Purchase_exp
High income, Europe, LVA, Vehicle Fuel and Maintenance_exp
High income, Europe, LVA, Other Transport_exp
High income, Europe, LVA, Communication_exp
High income, Europe, LVA, Recreational_exp
High income, Europe, LVA, Package Holiday_exp
High income, Europe, LVA, Education_Finance_Luxury_exp
High income, Europe, MLT, Food_exp
High income, Europe, MLT, Alcohol and Tobacco_exp
High income, Europe, MLT, Wearables_exp
High income, Europe, MLT, Other Housing_exp
High income, Europe, MLT, Heating and Electricity_exp
High income, Europe, MLT, Household Appliances and Services_exp
High income, Europe, MLT, Health_exp
High income, Europe, MLT, Vehicle Purchase_exp
High income, Europe, MLT, Vehicle Fuel and Maintenance_exp
High income, Europe, MLT, Other Transport_exp
High income, Europe, MLT, Communication_exp
High income, Europe, MLT, Recreational_exp
High income, Europe, MLT, Package Holiday_exp
High income, Europe, MLT, Education_Finance_Luxury_exp
High income, Europe, NLD, Food_exp
High income, Europe, NLD, Alcohol and Tobacco_exp
High income, Europe, NLD, Wearables_exp
High income, Europe, NLD, Other Housing_exp
High income, Europe, NLD, Heating and Electricity_exp
High income, Europe, NLD, Household Appliances and Services_exp
High income, Europe, NLD, Health_exp
High income, Europe, NLD, Vehicle Purchase_exp
High income, Europe, NLD, Vehicle Fuel and Maintenance_exp
High income, Europe, NLD, Other Transport_exp
High income, Europe, NLD, Communication_exp
High income, Europe, NLD, Recreational_exp
High income, Europe, NLD, Package Holiday_exp
High income, Europe, NLD, Education_Finance_Luxury_exp
High income, Europe, NOR, Food_exp
High income, Europe, NOR, Alcohol and Tobacco_exp
High income, Europe, NOR, Wearables_exp
High income, Europe, NOR, Other Housing_exp
High income, Europe, NOR, Heating and Electricity_exp
High income, Europe, NOR, Household Appliances and Services_exp
High income, Europe, NOR, Health_exp
High income, Europe, NOR, Vehicle Purchase_exp
High income, Europe, NOR, Vehicle Fuel and Maintenance_exp
High income, Europe, NOR, Other Transport_exp
High income, Europe, NOR, Communication_exp
High income, Europe, NOR, Recreational_exp
High income, Europe, NOR, Package Holiday_exp
High income, Europe, NOR, Education_Finance_Luxury_exp
High income, Europe, POL, Food_exp
High income, Europe, POL, Alcohol and Tobacco_exp
High income, Europe, POL, Wearables_exp
High income, Europe, POL, Other Housing_exp
High income, Europe, POL, Heating and Electricity_exp
High income, Europe, POL, Household Appliances and Services_exp
High income, Europe, POL, Health_exp
High income, Europe, POL, Vehicle Purchase_exp
High income, Europe, POL, Vehicle Fuel and Maintenance_exp
High income, Europe, POL, Other Transport_exp
High income, Europe, POL, Communication_exp
High income, Europe, POL, Recreational_exp
High income, Europe, POL, Package Holiday_exp
High income, Europe, POL, Education_Finance_Luxury_exp
High income, Europe, PRT, Food_exp
High income, Europe, PRT, Alcohol and Tobacco_exp
High income, Europe, PRT, Wearables_exp
High income, Europe, PRT, Other Housing_exp
High income, Europe, PRT, Heating and Electricity_exp
High income, Europe, PRT, Household Appliances and Services_exp
High income, Europe, PRT, Health_exp
High income, Europe, PRT, Vehicle Purchase_exp
High income, Europe, PRT, Vehicle Fuel and Maintenance_exp
High income, Europe, PRT, Other Transport_exp
High income, Europe, PRT, Communication_exp
High income, Europe, PRT, Recreational_exp
High income, Europe, PRT, Package Holiday_exp
High income, Europe, PRT, Education_Finance_Luxury_exp
Upper middle income, Europe, ROU, Food_exp
Upper middle income, Europe, ROU, Alcohol and Tobacco_exp
Upper middle income, Europe, ROU, Wearables_exp
Upper middle income, Europe, ROU, Other Housing_exp
Upper middle income, Europe, ROU, Heating and Electricity_exp
Upper middle income, Europe, ROU, Household Appliances and Services_exp
Upper middle income, Europe, ROU, Health_exp
Upper middle income, Europe, ROU, Vehicle Purchase_exp
Upper middle income, Europe, ROU, Vehicle Fuel and Maintenance_exp
Upper middle income, Europe, ROU, Other Transport_exp
Upper middle income, Europe, ROU, Communication_exp
Upper middle income, Europe, ROU, Recreational_exp
Upper middle income, Europe, ROU, Package Holiday_exp
Upper middle income, Europe, ROU, Education_Finance_Luxury_exp
High income, Europe, SWE, Food_exp
High income, Europe, SWE, Alcohol and Tobacco_exp
High income, Europe, SWE, Wearables_exp
High income, Europe, SWE, Other Housing_exp
High income, Europe, SWE, Heating and Electricity_exp
High income, Europe, SWE, Household Appliances and Services_exp
High income, Europe, SWE, Health_exp
High income, Europe, SWE, Vehicle Purchase_exp
High income, Europe, SWE, Vehicle Fuel and Maintenance_exp
High income, Europe, SWE, Other Transport_exp
High income, Europe, SWE, Communication_exp
High income, Europe, SWE, Recreational_exp
High income, Europe, SWE, Package Holiday_exp
High income, Europe, SWE, Education_Finance_Luxury_exp
High income, Europe, SVN, Food_exp
High income, Europe, SVN, Alcohol and Tobacco_exp
High income, Europe, SVN, Wearables_exp
High income, Europe, SVN, Other Housing_exp
High income, Europe, SVN, Heating and Electricity_exp
High income, Europe, SVN, Household Appliances and Services_exp
High income, Europe, SVN, Health_exp
High income, Europe, SVN, Vehicle Purchase_exp
High income, Europe, SVN, Vehicle Fuel and Maintenance_exp
High income, Europe, SVN, Other Transport_exp
High income, Europe, SVN, Communication_exp
High income, Europe, SVN, Recreational_exp
High income, Europe, SVN, Package Holiday_exp
High income, Europe, SVN, Education_Finance_Luxury_exp
High income, Europe, SVK, Food_exp
High income, Europe, SVK, Alcohol and Tobacco_exp
High income, Europe, SVK, Wearables_exp
High income, Europe, SVK, Other Housing_exp
High income, Europe, SVK, Heating and Electricity_exp
High income, Europe, SVK, Household Appliances and Services_exp
High income, Europe, SVK, Health_exp
High income, Europe, SVK, Vehicle Purchase_exp
High income, Europe, SVK, Vehicle Fuel and Maintenance_exp
High income, Europe, SVK, Other Transport_exp
High income, Europe, SVK, Communication_exp
High income, Europe, SVK, Recreational_exp
High income, Europe, SVK, Package Holiday_exp
High income, Europe, SVK, Education_Finance_Luxury_exp
Upper middle income, Eastern Europe and Central Asia, TUR, Food_exp
Upper middle income, Eastern Europe and Central Asia, TUR, Alcohol and Tobacco_exp
Upper middle income, Eastern Europe and Central Asia, TUR, Wearables_exp
Upper middle income, Eastern Europe and Central Asia, TUR, Other Housing_exp
Upper middle income, Eastern Europe and Central Asia, TUR, Heating and Electricity_exp
Upper middle income, Eastern Europe and Central Asia, TUR, Household Appliances and Services_exp
Upper middle income, Eastern Europe and Central Asia, TUR, Health_exp
Upper middle income, Eastern Europe and Central Asia, TUR, Vehicle Purchase_exp
Upper middle income, Eastern Europe and Central Asia, TUR, Vehicle Fuel and Maintenance_exp
Upper middle income, Eastern Europe and Central Asia, TUR, Other Transport_exp
Upper middle income, Eastern Europe and Central Asia, TUR, Communication_exp
Upper middle income, Eastern Europe and Central Asia, TUR, Recreational_exp
Upper middle income, Eastern Europe and Central Asia, TUR, Package Holiday_exp
Upper middle income, Eastern Europe and Central Asia, TUR, Education_Finance_Luxury_exp
High income, G7, GBR, Food_exp
High income, G7, GBR, Alcohol and Tobacco_exp
High income, G7, GBR, Wearables_exp
High income, G7, GBR, Other Housing_exp
High income, G7, GBR, Heating and Electricity_exp
High income, G7, GBR, Household Appliances and Services_exp
High income, G7, GBR, Health_exp
High income, G7, GBR, Vehicle Purchase_exp
High income, G7, GBR, Vehicle Fuel and Maintenance_exp
High income, G7, GBR, Other Transport_exp
High income, G7, GBR, Communication_exp
High income, G7, GBR, Recreational_exp
High income, G7, GBR, Package Holiday_exp
High income, G7, GBR, Education_Finance_Luxury_exp
High income, G7, JPN, Food_exp
High income, G7, JPN, Alcohol and Tobacco_exp
High income, G7, JPN, Wearables_exp
High income, G7, JPN, Other Housing_exp
High income, G7, JPN, Heating and Electricity_exp
High income, G7, JPN, Household Appliances and Services_exp
High income, G7, JPN, Health_exp
High income, G7, JPN, Vehicle Purchase_exp
High income, G7, JPN, Vehicle Fuel and Maintenance_exp
High income, G7, JPN, Other Transport_exp
High income, G7, JPN, Communication_exp
High income, G7, JPN, Recreational_exp
High income, G7, JPN, Package Holiday_exp
High income, G7, JPN, Education_Finance_Luxury_exp
High income, G7, USA, Food_exp
High income, G7, USA, Alcohol and Tobacco_exp
High income, G7, USA, Wearables_exp
High income, G7, USA, Other Housing_exp
High income, G7, USA, Heating and Electricity_exp
High income, G7, USA, Household Appliances and Services_exp
High income, G7, USA, Health_exp
High income, G7, USA, Vehicle Purchase_exp
High income, G7, USA, Vehicle Fuel and Maintenance_exp
High income, G7, USA, Other Transport_exp
High income, G7, USA, Communication_exp
High income, G7, USA, Recreational_exp
High income, G7, USA, Package Holiday_exp
High income, G7, USA, Education_Finance_Luxury_exp
